{
	"mission": {
		"altitude": 30,
		"photosFrequency": 2,
		"firstPoint": [{
			"x": 53.117720,
			"y": 23.147192
		}],
		"secondPoint": [{
			"x": 53.118805,
			"y": 23.146585
		}],
		"thirdPoint": [{
			"x": 53.117935,
			"y": 23.148224
		}]
	}
}